{"cameraMode":{"drawMode":0,"name":"Shaded","section":"Shading Mode"},"sceneLighting":true,"audioPlay":false,"sceneViewState":{"showFog":true,"showMaterialUpdate":false,"showSkybox":true,"showFlares":true,"showImageEffects":true,"showParticleSystems":true},"in2DMode":false,"pivot":{"x":2.279841661453247,"y":3.149895191192627,"z":-2.2507660388946535},"rotation":{"x":-0.35374385118484499,"y":0.346540629863739,"z":-0.14305523037910462,"w":-0.8569188117980957},"size":0.29731518030166628,"orthographic":false}