{"cameraMode":{"drawMode":0,"name":"Shaded","section":"Shading Mode"},"sceneLighting":true,"audioPlay":false,"sceneViewState":{"showFog":true,"showMaterialUpdate":false,"showSkybox":true,"showFlares":true,"showImageEffects":true,"showParticleSystems":true},"in2DMode":false,"pivot":{"x":1.2907319068908692,"y":1.844778060913086,"z":1.3162946701049805},"rotation":{"x":-0.022452672943472863,"y":0.8900250792503357,"z":-0.45322203636169436,"w":-0.04409210756421089},"size":2.8179354667663576,"orthographic":false}