{"cameraMode":{"drawMode":0,"name":"Shaded","section":"Shading Mode"},"sceneLighting":true,"audioPlay":false,"sceneViewState":{"showFog":true,"showMaterialUpdate":false,"showSkybox":true,"showFlares":true,"showImageEffects":true,"showParticleSystems":true},"in2DMode":false,"pivot":{"x":1.613525629043579,"y":1.756678581237793,"z":-1.4710159301757813},"rotation":{"x":-0.2024986296892166,"y":0.33738330006599429,"z":-0.07455965131521225,"w":-0.9163028597831726},"size":0.23028451204299928,"orthographic":false}