{"cameraMode":{"drawMode":0,"name":"Shaded","section":"Shading Mode"},"sceneLighting":true,"audioPlay":false,"sceneViewState":{"showFog":true,"showMaterialUpdate":false,"showSkybox":true,"showFlares":true,"showImageEffects":true,"showParticleSystems":true},"in2DMode":false,"pivot":{"x":0.79716956615448,"y":2.5107903480529787,"z":1.3001294136047364},"rotation":{"x":0.003631237894296646,"y":-0.9799398183822632,"z":0.19845010340213777,"w":0.01792675256729126},"size":3.309203624725342,"orthographic":false}