{"cameraMode":{"drawMode":0,"name":"Shaded","section":"Shading Mode"},"sceneLighting":true,"audioPlay":false,"sceneViewState":{"showFog":true,"showMaterialUpdate":false,"showSkybox":true,"showFlares":true,"showImageEffects":true,"showParticleSystems":true},"in2DMode":false,"pivot":{"x":-0.67153000831604,"y":1.3120412826538087,"z":-0.1276383399963379},"rotation":{"x":-0.4509811997413635,"y":-0.10347919166088104,"z":0.052734214812517169,"w":-0.8849459886550903},"size":5.166849136352539,"orthographic":false}